LOGFZI,FZI,CGR,DRHO,DT5,GR,HNPO,LLD,LLHR,LLS,MRES,MSFC,NPHI,NPOR,POTA,RHOB,SP,THOR,URAN
2.324533315,211.1219143,31.99257598,0.034070735,86.07345374,47.12847402,0.184823885,1.484895538,1.989064567,1.370870604,0.067982743,1.299775066,0.179966404,0.179165945,1.292814961,2.376139304,4.092642717,2.646898097,2.012320669
2.460042621,288.4314552,31.97604055,0.025724278,86.34061909,48.28500945,0.183564042,1.479856168,1.984340157,1.344728871,0.067904003,1.278672703,0.184375853,0.181291929,1.281476378,2.365824344,3.945004921,2.688866601,1.995076575
2.438688611,274.592462,36.23624228,0.009849639,87.02090538,50.67071569,0.1819,1.49138956,1.827784898,1.336755154,0.067820749,1.246173079,0.187420749,0.179666316,1.476264741,2.335299278,4.080146093,2.949176888,1.992421339
2.697101104,497.8529722,42.12259199,0.003630512,87.95160997,53.894521,0.173462205,1.559631562,1.893686024,1.371531037,0.0679,1.095846457,0.185624934,0.182018176,1.74346542,2.322450853,4.771489501,3.316662795,1.904020669
2.265887693,184.4538367,42.36127853,0.014313395,88.44253736,54.47765653,0.188332699,1.590262837,2.136641103,1.372559094,0.0679,1.328146947,0.184467761,0.185889166,1.781503743,2.329118582,4.248235391,3.220796192,1.711496192
2.320879651,209.3532231,42.13388523,0.023788116,88.73087617,50.02308661,0.192344517,1.583092777,1.91718608,1.353182863,0.0679,1.520031385,0.186516349,0.191608142,1.793709915,2.332703611,4.194886737,3.114867104,1.605567104
2.468216987,293.911776,41.72519265,0.025669554,88.4675126,48.32565302,0.196561417,1.545079003,1.832651706,1.318889764,0.0679,1.432404462,0.188671391,0.196549606,1.787588976,2.334990026,4.263779528,3.038688189,1.542121785
2.373220174,236.1675226,40.53171005,0.027010571,87.39848871,41.05925804,0.198155811,1.378859422,1.692601641,1.179705844,0.0679,1.199610834,0.199058569,0.199536573,1.742161917,2.34381195,4.375,2.928492055,1.358419041
2.322543082,210.1566234,39.82612903,0.027850786,86.32285505,38.7069135,0.204841022,1.311900459,1.664798755,1.120521756,0.0679,1.122931848,0.198231062,0.20250367,1.708838008,2.355160747,4.322862058,2.889696461,1.222077851
2.565837308,367.9910937,34.21044777,0.017208924,84.12884488,38.0918315,0.199303675,1.31187664,1.581139108,1.117127297,0.0679,1.210370079,0.195480577,0.2017979,1.441830971,2.346422835,4.294127297,2.588279003,1.034818635
2.819639664,660.1454949,29.88260985,0.013020552,82.5913652,38.88493756,0.186465923,1.370812541,1.593102101,1.162194025,0.0679,1.116114905,0.175613789,0.184548588,1.223818647,2.354375772,4.072595207,2.40599107,0.831299869
2.727726758,534.2281376,27.75915039,0.015477916,81.85398211,37.15452982,0.163065531,1.44203152,1.704877392,1.213608781,0.0679,1.167732765,0.159458781,0.160959043,1.11327156,2.361753932,4.131594037,2.330992595,0.715065858
2.777912782,599.6706343,27.18798394,0.022660092,81.6620555,36.00774083,0.141990826,1.486854587,1.806948165,1.244224771,0.0679,1.277195413,0.150074771,0.144130734,1.080977982,2.37008945,4.360951835,2.321294037,0.66468578
2.855746328,717.3751497,25.8264434,0.017900525,82.07171359,35.13058116,0.122808798,1.383782009,1.678141628,1.167480171,0.067958831,1.359948457,0.141758569,0.132486211,1.010636704,2.343607814,4.238960932,2.271285161,0.57522042
2.978085847,950.7927183,25.11850092,0.013820683,82.46327183,34.90523303,0.146312147,1.312331976,1.422502758,1.113720223,0.067939659,1.290792318,0.143858634,0.148812147,0.974572357,2.326044583,4.262926789,2.243013592,0.541964478
2.989539152,976.2007841,25.6314752,0.015186811,82.47332448,34.4147086,0.149568045,1.235433268,1.377998819,1.050324803,0.067961877,1.204477625,0.147721719,0.152601772,0.991809908,2.324673622,4.139845801,2.299632546,0.525749278
2.984956185,965.9534206,25.96030131,0.024827249,82.15234064,33.06934248,0.169388838,1.120791596,1.350491858,0.963709915,0.0679,0.995687722,0.153281156,0.169257518,0.993192121,2.339880171,4.381360801,2.375119567,0.48743979
2.959865299,911.7280125,25.94101969,0.011706299,81.89152493,30.38535066,0.149655643,1.125444094,1.350032808,0.969270866,0.0679,1.033579003,0.161979528,0.162375853,0.988261942,2.329371391,4.688156168,2.390600262,0.431529659
2.934997528,860.9888519,26.47198425,0.012414961,81.56808005,29.79479948,0.155915486,1.152904724,1.342473753,0.999743307,0.0679,1.031216798,0.159676378,0.159659318,1.017730446,2.337402887,4.761975066,2.40187979,0.423616273
2.976701745,947.7673539,25.88506146,0.020330072,81.36789186,28.72434865,0.156517269,1.205555286,1.363660604,1.049932633,0.067835391,1.017841103,0.156290939,0.160448982,0.999909718,2.364996389,4.650976691,2.329419829,0.448630991
3.126542217,1338.2653,23.68645629,0.036176081,81.73134633,28.88300478,0.158042398,1.242003473,1.436214482,1.086488467,0.06789574,1.039164744,0.144481324,0.141794495,0.920315334,2.400556422,4.921526868,2.109911927,0.526478178
3.116482697,1307.623439,20.4776357,0.020101837,82.25874121,28.28165538,0.144308399,1.230439633,1.471783727,1.097714173,0.067727034,1.221197638,0.137108399,0.134290026,0.777310236,2.375616798,4.084481627,1.898442782,0.597432283
3.05247568,1128.432746,18.17989206,0.010733552,82.46814012,28.58444077,0.147358306,1.140649705,1.340630466,1.038801116,0.067683388,1.15473283,0.150128628,0.145290545,0.672641628,2.346395141,4.276058766,1.756541891,0.798652331
3.121142601,1321.729554,16.88680026,0.017882307,81.9278462,28.95261245,0.157092988,1.091549803,1.301344954,1.010793054,0.067656684,1.060429685,0.16126789,0.159073722,0.595938663,2.352720249,4.391710354,1.749332962,1.03523329
3.027534036,1065.45236,16.61243904,0.024658005,81.54100059,29.03705755,0.165293504,1.082891207,1.294473228,1.010939108,0.067690879,1.029500394,0.164436811,0.16916647,0.56815584,2.364226772,4.477198163,1.794734055,1.170701444
3.018226761,1042.861804,16.10730578,0.033069665,81.06481898,29.82963684,0.169311622,1.086736967,1.285818385,1.021306238,0.0676,1.046796914,0.161890939,0.172877479,0.472619173,2.390792974,4.224146422,2.058711359,1.405960276
3.03173168,1075.800346,15.39481359,0.027448129,79.34246257,32.29003027,0.153879974,1.172935785,1.387477741,1.107159947,0.0676,1.056382731,0.14055568,0.152231911,0.356185292,2.406028693,4.027495076,2.356885489,1.582125739
3.030152455,1071.895517,14.62624961,0.033380512,77.56931122,33.99926181,0.13516437,1.380990551,1.568848819,1.313277756,0.0676,1.082485433,0.119795079,0.133613386,0.254574409,2.433022047,3.9375,2.580769291,1.67443563
2.979389472,953.6510077,14.16140565,0.05282088,76.92156822,33.67917118,0.106869862,1.506880565,1.68919606,1.431578595,0.0676,1.369230138,0.101305187,0.108256796,0.190333946,2.483294025,3.866012804,2.727493565,1.76447761
2.950895837,893.0912562,14.88048556,0.044976903,77.17985722,35.15609239,0.093055906,1.544090814,1.838159318,1.468328346,0.0676,1.541750919,0.092794226,0.094977165,0.186907087,2.464285564,3.804461942,2.919370604,1.87711601
2.99629457,991.504226,16.00312336,0.041197375,77.54103832,39.6037105,0.096067717,1.556905774,1.939911286,1.487285039,0.0676,1.668719423,0.091849344,0.095331496,0.20852126,2.46192336,3.767552493,3.108878478,1.949281365
2.92045128,832.6285158,23.44518201,0.032628102,78.09641261,55.3539388,0.109350821,1.50928654,1.696800591,1.454052594,0.0676,1.632523506,0.097402364,0.106812147,0.43727065,2.447025345,3.60571241,4.018014839,2.219000394
2.997729855,994.7864353,48.71109645,0.010737032,79.86933618,93.10915955,0.115259619,1.560584701,1.621559554,1.532609127,0.067516152,1.362615167,0.102973211,0.110034209,1.284490414,2.481685358,3.119952397,6.816204202,2.993602561
3.038223835,1092.003008,87.26598504,0.000413386,80.8268189,125.992126,0.138815748,2.005547244,1.676533858,1.944183465,0.0677,1.804740945,0.15328189,0.138172441,2.577410236,2.567702362,2.816437008,11.08587402,4.100025984
1.187758751,15.40844281,120.7593463,0.031720708,81.18857045,138.5811763,0.288467497,5.5763654,10.84578663,5.123472149,0.067630996,13.55705708,0.249680472,0.28735059,3.624512713,2.669242464,2.053735256,15.10477693,4.922523984
1.015278878,10.35807086,121.3867302,0.036918373,81.07016293,135.972605,0.281733202,7.760435433,11.45672159,7.217884383,0.067647703,13.15427034,0.252350525,0.278738451,3.616657808,2.662071325,1.69898294,15.29188668,4.904940551
0.889936175,7.761330451,119.8635429,0.04175128,81.24176251,129.848695,0.26614977,8.173126986,11.18614636,7.775936113,0.067666973,12.02669435,0.24551937,0.259179908,3.541896192,2.649176165,1.478783651,15.21966139,4.846729153
1.050320891,11.22847796,113.5097517,0.056775575,81.9516023,108.464913,0.237032239,5.971049508,9.744675575,5.859400328,0.0676,8.116861129,0.238697308,0.23716021,3.311613854,2.638091464,1.441849967,14.58628516,4.637712738
0.653549838,4.503496584,97.07102867,0.055280249,81.94618885,85.88266896,0.254216339,4.669219948,3.863197835,4.700108202,0.067504396,10.45514055,0.23011437,0.243410892,2.756754134,2.601263976,1.434752297,12.78038871,4.110057283
1.041014973,10.99043731,79.28128621,0.023606041,81.30638129,76.96819599,0.207057978,3.009986146,3.720081812,3.086392055,0.067526724,7.124425279,0.200897636,0.207839002,2.172317859,2.538352725,1.516702232,10.76100643,3.543447012
1.512680071,32.55967572,69.42335512,0.022371654,80.31239606,79.37844488,0.171216535,2.582561417,3.492811024,2.674229134,0.0676,4.120476378,0.168043307,0.171653543,1.852923622,2.520752756,1.719980315,9.623666142,3.213305512
1.716183365,52.0215592,68.02989055,0.021367717,79.62871496,80.41190945,0.153677165,2.608486614,3.19611811,2.697969291,0.0676,2.395889764,0.158535433,0.150216535,1.815010236,2.521579528,2.089074803,9.433508661,3.102459055
1.272261434,18.71808582,67.78233414,0.026725739,77.07841051,84.31520847,0.141588313,2.663084833,3.369265266,2.743501576,0.0676,2.273455023,0.156089297,0.143428431,1.828028037,2.526711359,2.1875,9.319220223,2.946276231
1.533982179,34.19654097,73.38320854,0.01358109,74.94584353,86.87142974,0.157153513,3.487695732,4.516742482,3.577854038,0.0675,2.695625476,0.141947472,0.157724688,2.068320486,2.53353631,1.860924163,9.725609783,2.855287459
1.014670923,10.34358107,77.50671627,0.022512861,73.81834304,86.6558399,0.130769816,4.872294751,6.344468766,4.897434908,0.0675,2.885194751,0.12626063,0.131014173,2.273595801,2.573569029,1.724081365,9.909584514,2.607682415
0.83068253,6.771463315,78.04489842,0.028639396,73.42834097,82.74827643,0.147837623,5.37101438,9.565077741,5.298887262,0.067582994,6.667616021,0.129116415,0.14095522,2.362027052,2.596186343,1.667514773,9.682220026,2.24877807
0.862925099,7.293317146,76.42959463,0.035632372,73.96397359,77.89052261,0.135779227,5.455463958,8.081956291,5.344351245,0.0676,5.894628375,0.130068087,0.136368807,2.357454849,2.610732831,1.472518021,9.301332503,1.990509371
1.156926506,14.35246531,74.04736522,0.031789042,74.57994803,75.16424705,0.130748294,5.371210958,6.87484626,5.253643373,0.0676,4.823262861,0.132535827,0.136286877,2.299821457,2.604162205,1.4375,8.946845866,1.860771457
0.942550815,8.760942193,68.15835187,0.030581615,75.78781372,69.60066481,0.131321339,4.78873086,5.762120289,4.660777019,0.067554629,3.257227774,0.136157387,0.13643237,2.147537426,2.59174084,1.494213723,8.110635128,1.636032502
0.927075142,8.454251095,62.23997393,0.027952068,76.61009501,66.64990972,0.134893237,4.019033158,6.185975312,3.818224163,0.0675,4.009255089,0.138748063,0.126044452,2.003820026,2.559977216,1.658363427,7.232337032,1.509763821
1.370313469,23.45921466,59.1828287,0.027917169,77.49539456,68.11398263,0.143119856,3.848839253,4.602400524,3.601047182,0.0675,3.83294017,0.128655505,0.143802687,1.942078899,2.52646789,1.9375,6.727525491,1.489286894
1.061172858,11.51258523,60.10807439,0.039061917,78.91055371,70.95137065,0.128954169,3.559346422,4.292721011,3.303090611,0.0675,2.485930466,0.125705778,0.127555942,2.000956467,2.517172685,2.157255417,6.716383257,1.460628956
1.317586419,20.77717123,64.7468811,0.055541732,79.69754488,74.55577428,0.123888451,3.46727769,4.476542782,3.161608661,0.0675,2.933489239,0.123402887,0.123862467,2.202651706,2.530703412,2.476541995,7.042284252,1.456124934
2.035944598,108.6287039,67.63664488,0.062313386,80.26935591,76.29461942,0.125410761,3.631582152,4.124994226,3.275466929,0.0675,2.456271391,0.12802231,0.123809974,2.325381365,2.53616273,2.443733596,7.257087402,1.436019948
1.099504953,12.57491197,69.93934895,0.05328211,81.4719441,75.13839286,0.129484666,3.503044823,4.834261664,3.115307143,0.0674,2.40769325,0.143304718,0.131756881,2.450213893,2.516179161,2.6875,7.318121298,1.433079685
2.047326294,111.5132039,66.08365207,0.038791136,81.52463933,66.88119665,0.180339265,3.265067827,3.582717466,2.867794156,0.0674,3.362654695,0.161501707,0.176544714,2.331098621,2.467231779,2.789888378,6.849546553,1.303957255
2.028923559,106.886673,61.7423021,0.035451706,81.52930787,62.14652152,0.162635433,3.028458005,3.305984514,2.628425984,0.0674,2.71649685,0.155984514,0.159893963,2.197512861,2.45816168,3.280183727,6.320097113,1.15085853
1.908882987,81.07425873,61.07046467,0.041682994,81.26958496,60.83435476,0.142047997,2.851037623,3.050983322,2.449543204,0.067495338,2.171291661,0.141940775,0.147009783,2.214214511,2.479716349,3.675845371,6.085875312,1.094294616
1.135596256,13.66457901,60.94381645,0.033384797,81.88041199,57.85692346,0.147861402,2.907387353,3.909105439,2.472805767,0.067406356,2.695149869,0.140182634,0.14174325,2.246808716,2.468245413,3.6875,5.921797969,1.067567104
1.568995875,37.06772014,60.07853012,0.035890617,82.16837323,56.74811995,0.145624541,2.918926706,3.670293701,2.473408399,0.0674,2.90768773,0.138946785,0.138909055,2.222837336,2.463156168,3.773991142,5.805373228,1.051592388
1.915032646,82.23044595,56.67412246,0.035806238,82.37892758,55.39892482,0.140653119,2.705166251,3.306512935,2.276015167,0.067457715,2.710667892,0.139273736,0.138135456,2.100517663,2.444867827,4.091431385,5.461428562,0.989347406
2.672748411,470.7045655,52.79107899,0.033662049,82.19829383,56.31159718,0.140311687,2.168212869,3.106232699,1.834389429,0.06738759,2.556942088,0.1462891,0.146219764,1.947993434,2.434313132,4.25,5.122348851,0.899919961
2.416813005,261.1036872,53.47773484,0.022991667,82.25216837,60.3581857,0.160255315,1.676587598,1.993137402,1.436699541,0.067387467,1.725328478,0.157097638,0.166431824,2.006415682,2.432562927,4.304666995,5.054236155,0.773730971
2.306469196,202.5205956,54.36344242,0.034493762,82.0226476,54.66762633,0.162213789,1.658365726,1.929268089,1.41764281,0.067348588,1.369343533,0.158673408,0.158850361,2.123869862,2.460544123,4.498235391,4.794729744,0.782291005
1.184575468,15.29591521,50.69756325,0.036299213,82.59129423,50.13234987,0.151388976,1.669186352,2.008189239,1.407349081,0.0673,1.522092913,0.164740682,0.155744619,2.011030446,2.442088976,4.499835958,4.34772126,0.825476115
1.851014075,70.96007657,47.265491,0.03656218,82.70127498,47.38738056,0.156188575,1.651506172,2.064591202,1.385496389,0.0673,1.6898348,0.168439462,0.158239659,1.881897308,2.426516875,4.566932042,4.024913723,0.834763099
2.540173036,346.8750281,43.25495996,0.035725819,83.25794882,49.5233728,0.177526933,1.472104194,1.817542661,1.24060616,0.0673,2.085405898,0.173432307,0.174669201,1.742723919,2.398146461,4.732552425,3.599560354,0.835428244
2.690961973,490.8648942,40.93760059,0.039027183,83.49954018,51.98849796,0.162808667,1.274461326,1.515644452,1.096831845,0.0673,1.276071701,0.1654522,0.164631517,1.669594747,2.398598359,4.709578135,3.324389954,0.792090808
2.691417208,491.3796966,41.25996535,0.036530709,82.78578819,49.72392913,0.184461417,1.203130709,1.423455118,1.048169291,0.067452756,1.071417323,0.15554252,0.174947244,1.690295276,2.396251969,4.86023622,3.319837008,0.743274016
2.516795894,328.6971163,41.80066769,0.027652687,82.07256265,47.4424405,0.16045924,1.229124312,1.539622215,1.076019725,0.067484666,1.028984076,0.150838008,0.149194299,1.726916972,2.36997228,4.759583879,3.304436632,0.695744168
2.550973315,355.6094678,40.86881995,0.031332743,82.08004816,47.38996883,0.142455512,1.224468635,1.508187008,1.088771719,0.067305971,1.12671378,0.153359843,0.143661483,1.725572375,2.357522178,4.871268045,3.079555709,0.732453937
2.492026086,310.4746072,41.2980063,0.026345866,82.18157047,49.71936516,0.157888583,1.22331378,1.451809055,1.092918701,0.067358465,1.225296457,0.160918898,0.159147047,1.764889961,2.346288583,4.838459646,3.025539961,0.743477559
2.601635195,399.6089394,41.87944399,0.023380827,82.35570913,51.73764773,0.174583782,1.178613066,1.391857058,1.07840499,0.0674,1.103981878,0.172084373,0.178896323,1.840207288,2.337680236,4.724926133,2.862298359,0.797598293
2.587870763,387.1424221,42.53904731,0.020251378,82.92507205,52.89990236,0.180812073,1.104474606,1.36948668,1.052454659,0.0674,0.983951181,0.175207677,0.175477887,1.92223622,2.333266535,4.70726706,2.691441142,0.899088517
2.62577984,422.4544021,44.114,0.015816055,83.5601656,53.13909817,0.173440826,1.106068807,1.358726606,1.068462844,0.0674,0.994934862,0.171142661,0.172079358,2.017618807,2.342699083,4.625,2.69237156,1.031730734
2.658520127,455.5332973,45.33026303,0.020265529,84.21863132,55.29385745,0.160524425,1.1965348,1.338932633,1.164250952,0.0674,0.967484964,0.156527052,0.165866776,2.070642088,2.370599212,4.505457978,2.777210374,1.354760801
2.20038378,158.629436,43.76420787,0.024470866,85.16184803,54.72322913,0.152359055,1.250935433,1.556148031,1.217226772,0.0674,0.94820315,0.15475748,0.151782677,1.962687402,2.373313386,4.320866142,2.829574803,1.664092126
2.273161299,187.5691017,41.93044491,0.025361655,85.7569956,53.28539311,0.153833487,1.269607354,1.748384767,1.237832567,0.0674,0.989377938,0.157697571,0.151722653,1.84283736,2.364421799,4.236703874,2.864230335,1.841070322
2.651678378,448.4131891,38.65294581,0.02388827,86.65487798,49.34808408,0.17438768,1.292004194,1.761449345,1.269650917,0.067373722,1.166034207,0.169405898,0.1770519,1.614718349,2.343077982,4.1875,2.982863761,2.108466252
2.53508296,342.8332688,33.87587452,0.022836835,87.40939586,48.34921694,0.175345568,1.240936113,1.357417334,1.229545568,0.0673,1.158981353,0.179434143,0.176922259,1.306726592,2.330475049,4.259315496,3.056037295,2.240634274
2.62118208,418.0055807,32.6790664,0.024972441,86.43740079,49.06603255,0.197038583,1.130440682,1.230848819,1.121804987,0.0673,0.974811024,0.188716535,0.189225197,1.188555906,2.331795013,4.756069554,3.241372178,2.406451444
2.63494399,431.4634287,32.0556154,0.033000852,88.6387382,52.16850511,0.19257713,1.137834207,1.232017628,1.11647595,0.067319987,0.940270511,0.194180275,0.197520577,1.091984535,2.340859961,3.775065531,3.480640629,2.590917366
2.61572034,412.7816098,33.31478189,0.029191339,92.45202343,55.85098819,0.203930512,1.210363386,1.252211811,1.173274016,0.067381693,1.004991929,0.191529724,0.191638386,1.081362205,2.342289961,3.409325787,3.83523622,2.788707874
2.475405974,298.8174631,35.4443357,0.03318084,93.9018397,61.24794357,0.186240223,1.316925066,1.268589764,1.26524252,0.067329199,1.024466995,0.188747572,0.184866732,1.130286089,2.345702034,3.507750984,4.162795276,2.959626509
2.467575779,293.478154,47.6049174,0.059132108,95.13506592,78.00102594,0.182745043,1.513236441,1.624287656,1.442806435,0.0673,1.344229416,0.194204268,0.178875115,1.533505581,2.278463756,3.356492121,5.528226855,3.670251543
2.457869775,286.9919896,70.75943546,0.011946553,93.82922443,99.91997702,0.225237689,1.890628102,2.611310768,1.776361129,0.0673,1.742751477,0.299946422,0.218196914,2.34418956,2.183371241,3.173177938,7.952866645,4.756380105
0.794966581,6.236868403,86.09587559,0.038561942,81.00035066,112.402231,0.228398163,10.03510315,17.12294436,9.043026247,0.0672,16.75108556,0.246341207,0.239886877,2.841096588,2.603368241,1.531824147,9.722130971,4.891394751
1.133100306,13.58627204,86.05051471,0.035952265,80.11844274,113.7577971,0.199724622,8.930866842,15.15486297,8.303252988,0.0672,12.67831871,0.222841891,0.212548326,2.822354957,2.594710309,1.364740643,9.787323441,4.746909849
1.010743512,10.25046371,87.91340177,0.029156094,79.368204,117.729194,0.20403519,7.488574443,10.8209574,7.214187484,0.067238598,9.168510288,0.199063041,0.208396396,2.849254063,2.579355963,1.120617628,10.13853834,4.643568873
0.810757001,6.467806244,95.00257275,0.04735975,79.02015785,115.8721684,0.202241169,7.185499015,8.853261392,7.174382863,0.0673,5.118207551,0.204944583,0.191713789,3.064106369,2.578624557,1.007140512,11.01666152,5.037933552
0.768333991,5.865891033,96.01534944,0.066527118,78.83618949,93.38337163,0.240201248,7.552056271,12.29771484,7.745856008,0.067298949,6.428650164,0.213997899,0.234524163,3.07245975,2.56959849,0.502626395,11.23300506,5.315700525
0.901324034,7.967536,78.14136396,0.0669019,78.93448912,64.7694135,0.214585125,6.138566121,14.01775747,6.296733748,0.067232307,9.953831324,0.205594102,0.216188336,2.42285118,2.518649934,0.770191678,9.458321232,4.642263106
0.720652543,5.255965953,57.43504088,0.039198622,80.09806549,51.21682251,0.177611483,4.062245538,8.017288255,4.24297815,0.067238714,7.155914501,0.183006824,0.17229521,1.680508858,2.457518701,0.94656332,7.360603806,3.754916732
1.626283525,42.29446396,46.70950938,0.032643504,81.33101824,48.74388944,0.172237467,3.241733727,3.889985105,3.457604134,0.067120604,3.826327887,0.172613123,0.170936942,1.298363189,2.430766732,1.204929462,6.264422703,3.243086024
2.284653781,192.5988904,35.75840118,0.010560867,82.10444531,50.05944905,0.150834603,2.628748588,2.798022456,2.891963624,0.067194747,2.449433946,0.156114183,0.151466316,0.917234012,2.391612016,1.54608503,5.108294419,2.548554826
2.357053983,227.5380242,35.39860433,0.013939921,82.04670092,52.17310886,0.140970256,1.873892909,2.518304924,2.209661655,0.0672,1.831240053,0.150318056,0.142898227,0.926203349,2.391979908,1.733749179,4.982756008,2.187914248
1.899501416,79.34168438,36.97523375,0.018138467,81.93236841,47.95692254,0.15505675,1.697526081,2.40781481,2.097065269,0.067257208,1.458857864,0.159392464,0.16067713,0.997508912,2.399957929,1.83052097,5.082341612,2.021865727
2.095147425,124.4937146,36.48640479,0.032029284,81.46877991,41.47086921,0.1749652,1.714384767,2.428709061,2.150438411,0.067123112,1.42915568,0.165126658,0.171387065,0.957207354,2.414399081,2.048054826,5.125620092,1.839718647
1.738022978,54.70449054,33.74180289,0.040558268,80.98281916,41.01078819,0.163960367,1.762410236,2.292291864,2.230561417,0.0671,1.355609449,0.158784252,0.163959843,0.816959318,2.419170079,2.171095801,5.017922835,1.677329134
2.49288172,311.0868975,31.85442068,0.039080171,80.86295817,41.24672351,0.153167236,1.781342022,2.279278135,2.268328102,0.0671,1.406180302,0.148975312,0.151209521,0.728430401,2.414100722,2.158773802,4.911801576,1.621158372
2.678552491,477.037468,29.16800872,0.032944954,81.14012569,42.72522615,0.14111789,1.806141743,2.400433028,2.310041743,0.0671,1.387034404,0.134933945,0.134594037,0.602268807,2.408571101,2.029529817,4.76142156,1.569443578
2.405443053,254.3566247,29.56126632,0.018993171,79.14468076,46.19079192,0.137017925,1.922689823,2.434534274,2.415254432,0.0671,1.670068024,0.123843073,0.138910506,0.598048851,2.41290348,1.98883782,4.875795469,1.597334603
2.55633251,360.0248762,34.64869678,0.019562771,78.99883185,53.15586014,0.13413631,2.015758569,2.692800197,2.455916284,0.067,1.754477873,0.118968615,0.12743631,0.779199737,2.435277282,1.974885095,5.39629002,1.679951346
1.934213274,85.94354714,45.42872602,0.029463761,81.19737647,71.42267366,0.124096527,2.044320577,2.8994654,2.409324443,0.066955374,2.041514482,0.114531324,0.117619659,1.157421035,2.470008716,1.8125,6.521890236,1.905336304
1.715583138,51.94971127,53.62635833,0.026115354,81.36571883,86.17080873,0.131915486,2.063401772,2.992394554,2.403931693,0.0669,2.154449409,0.118296719,0.126051115,1.441275591,2.488332808,1.774360236,7.3932979,2.097324016
1.560104669,36.31655706,67.168025,0.032020866,81.27680807,101.3857037,0.14556378,2.167929331,3.071069094,2.473813583,0.0669,2.06960689,0.124727165,0.141864764,1.90111811,2.524028346,1.528297244,8.869413386,2.41425315
2.270858415,186.577133,97.92072283,0.043849344,85.21412703,130.2834646,0.142968241,2.757714436,2.34881706,2.956512598,0.067,2.074707874,0.146317585,0.150158268,2.932050919,2.586165092,0.68585958,12.27640262,3.108060105
1.94964035,89.05131775,121.7725313,0.094249311,87.261713,136.6939429,0.159297505,4.34123933,8.279302626,4.266219961,0.067005515,8.129921274,0.170227052,0.163455811,3.715617531,2.59600151,0.340528562,14.98429869,3.521078792
1.10444854,12.71887033,123.3523315,0.045941732,90.51348189,114.6254921,0.336309449,9.189548819,10.17348504,8.201753543,0.0669,9.86989685,0.348741732,0.340155906,3.749451969,2.337888976,-0.436515748,15.23739528,3.416325197
1.113146559,12.97617097,63.9692711,0.03279443,87.63767064,57.33813893,0.265392071,2.620776737,4.721138598,2.906420904,0.067023657,7.115547969,0.256808191,0.254979227,1.726608191,2.420465334,0.16128768,8.789173329,2.534413696
1.238449283,17.31606803,37.29026037,0.029032546,87.20333176,48.90564383,0.169998425,1.849868504,2.185488976,2.130370341,0.067027297,2.304422835,0.18264357,0.17341811,0.860517323,2.367816798,0.50574147,5.718321522,2.08532126
2.341680585,219.6243985,32.3138566,0.018738411,86.34980683,49.24689777,0.168288641,1.395051018,1.813667695,1.612984636,0.0671,1.931212213,0.174660735,0.172788181,0.716131188,2.340018188,0.784020026,5.075601641,1.989258831
2.253267101,179.1707457,34.82273596,0.013305577,84.18548248,65.69356955,0.168532808,1.150061745,1.554547638,1.34456168,0.067157021,1.004389567,0.162840026,0.169946391,0.826729199,2.363703346,0.991223753,5.245639829,1.938770144
2.382456439,241.2439547,52.36924076,0.018992005,82.6918517,85.11910223,0.161383028,1.521868545,1.588118873,1.751852556,0.067111861,0.910032307,0.152806553,0.161208191,1.493540433,2.425042661,1.102760485,6.869544495,2.122140433
2.43936567,275.0208815,65.39442126,0.032983465,81.63193228,77.45849738,0.172848294,1.848587927,3.273928871,2.095624934,0.0671,1.369617585,0.175375853,0.170107874,2.075437795,2.465822047,1.614665354,7.720814698,2.358342782
1.096126477,12.47746836,52.80883565,0.019470978,80.95051031,53.36158076,0.23267367,2.010969731,2.818450952,2.138483651,0.0671,6.398580171,0.192616481,0.226720617,1.721045502,2.395888378,1.416899212,6.051296192,2.029452791
2.32336947,210.5568962,40.44641979,0.000284862,80.20748349,49.35726573,0.189354587,1.659068611,1.914284993,1.764686435,0.0671,2.287893709,0.176230406,0.185092202,1.275891743,2.352606029,1.642119921,4.806960026,1.737311861
2.460494403,288.7316569,36.65518268,0.000944357,79.31849843,51.04265748,0.135130446,1.360670604,1.802484777,1.473018635,0.066973753,1.141275591,0.152390289,0.133176115,1.138497113,2.380250656,1.6875,4.428611286,1.610922047
2.508965598,322.823839,44.13191609,0.006782469,78.33565095,60.65217406,0.135944714,1.540539068,2.084127643,1.659703283,0.066888772,1.187619238,0.132927708,0.132843139,1.4298522,2.431096717,1.7152413,5.091152265,1.723216284
1.478059693,30.06489514,56.37120865,0.005419856,77.91006992,69.3792595,0.126308912,1.81529751,3.359474771,1.919570511,0.066924443,1.855336239,0.12467772,0.128864548,1.92141422,2.444444233,1.372214941,6.116265662,1.954016448
1.544923212,35.06898623,61.32700656,0.001881627,78.29201339,73.25754593,0.14312021,2.669841995,3.853074803,2.7166,0.067,2.494049344,0.129638845,0.140572441,2.145291864,2.434754068,1.021325459,6.42992126,2.153086352
1.346038234,22.18391714,62.7130958,0.000831759,78.51563543,75.6976706,0.141775066,2.725813123,3.914492126,2.7541,0.067,2.52794042,0.130787139,0.138997638,2.213041207,2.432129396,1.123851706,6.496850394,2.228020735
1.500941415,31.69139927,69.56932403,0.004460079,79.10277564,86.1617285,0.138233684,2.912086934,3.977687787,2.879652856,0.066961917,2.685126001,0.132861917,0.134652856,2.518745305,2.443523244,1.3125,6.947397242,2.462744386
1.695767331,49.6326348,87.18341745,0.039855643,79.75065138,103.2441765,0.138927493,3.173313517,3.578074147,3.080074278,0.066969357,2.494457218,0.143619685,0.140830906,3.252892454,2.502497769,1.139107612,8.313370604,2.737621325
1.369206635,23.39950311,94.19519508,0.090470125,80.24616553,90.12030144,0.175773933,3.602829087,8.221110506,3.308984701,0.06689954,2.625008207,0.18162088,0.170230269,3.564485489,2.544528628,1.373276428,8.77848562,2.617081156
1.192575966,15.5803054,66.79756115,0.071233071,80.85981942,54.54819633,0.232305249,2.797212598,3.073191339,2.401001837,0.066831759,7.818992651,0.209229134,0.220830446,2.470543045,2.43621601,1.13894357,6.458078478,2.006203675
2.373410415,236.2709978,35.04789127,0.023818385,81.33450532,37.3459845,0.198943467,1.75642285,1.945273605,1.520490545,0.066836967,6.702144846,0.20000847,0.195547735,1.180238148,2.338605975,1.516291858,3.861249967,1.48886067
2.493587639,311.5929612,28.37658464,0.013411293,81.39560184,36.76118477,0.184695272,1.51705975,1.910572357,1.32298562,0.066804137,2.73336612,0.193606632,0.18156218,0.904893434,2.31897367,1.557329284,3.332786408,1.389517269
2.46492254,291.6906712,21.79440341,0.014265858,81.03613991,35.77529692,0.162559764,1.141869332,1.60872405,1.010134993,0.0668,1.072494037,0.171706422,0.169253211,0.632520577,2.32827097,1.739064548,2.814006422,1.273038794
2.5067101,321.1516071,20.64075932,0.026590026,80.76964646,33.77447953,0.157299738,1.075734646,1.510703937,0.951379528,0.066974541,0.942252756,0.156932546,0.159448819,0.587363255,2.356699475,1.688648294,2.712631234,1.240463255
2.682584371,481.4867838,19.38603355,0.03722889,79.78252022,34.3275197,0.155185555,1.092390217,1.497687065,0.950126855,0.06695673,0.870015561,0.155121142,0.158149967,0.55282981,2.374460604,2.016825345,2.542944911,1.301873605
2.662809246,460.0544605,19.28256166,0.027784993,79.11477123,36.73957949,0.173835976,1.14045675,1.589277392,0.971408716,0.066912123,0.923895478,0.160205963,0.167869528,0.576866121,2.357309436,1.905307995,2.419583552,1.434415858
2.598696299,396.913892,20.66317953,0.025846194,78.82161732,34.25,0.15531916,1.148392388,1.570229921,0.976940157,0.06706168,1.068535958,0.160351444,0.158355643,0.661418635,2.341577953,2.0625,2.416588714,1.431767717
2.62241189,419.1909421,20.37804173,0.024041732,78.72250315,34.25,0.155351969,1.144783465,1.533123622,0.976152756,0.066996063,1.042912598,0.161466929,0.159307087,0.659909449,2.339314173,2.0625,2.352185827,1.405685039
2.7524424,565.5127486,19.75021944,0.025182009,78.51663572,33.477865,0.162762311,1.148122981,1.479102561,0.981303349,0.066849573,0.972017466,0.161637623,0.166549508,0.67262633,2.344370847,1.999466513,2.145196126,1.323073999
2.702676342,504.2853388,18.25837047,0.025387205,78.59054961,32.13159134,0.173757874,1.173592126,1.567464961,1.000080709,0.0668,1.020484449,0.155625197,0.163068701,0.657808858,2.354724016,2.090674213,1.836458071,1.167970866
2.696696618,497.3895052,18.93599823,0.022489626,78.49523454,31.88852823,0.144077479,1.206301116,1.719749902,1.009163362,0.0668,1.096332305,0.145534668,0.144922521,0.71240998,2.358373079,1.850993106,1.781673867,1.07139652
2.748373037,560.2386119,20.37741811,0.016177165,78.54006772,32.90236299,0.146270866,1.183374803,1.554855906,0.984559055,0.0668,1.097361417,0.154192913,0.154193701,0.768488189,2.357724409,1.770177165,1.909890551,0.951600787
2.9617442,915.6809932,21.62322029,0.015842285,78.61384859,32.91885745,0.170715233,1.11012633,1.473139921,0.906590085,0.0668,1.000168483,0.162828693,0.165315102,0.80809501,2.362143336,1.498112278,2.056467104,0.860710965
2.925811473,842.9687465,21.79375754,0.018706488,78.55882818,32.59848545,0.17435557,1.098480537,1.460693119,0.892080865,0.0668,0.98427536,0.164028309,0.165251507,0.809760419,2.366706488,1.369880406,2.091836697,0.833529554
2.773614978,593.7655249,22.18422646,0.020407026,78.17986461,31.25304865,0.149830532,1.094678989,1.437939987,0.882483979,0.0668,0.957945043,0.156532502,0.153864018,0.814463033,2.369577085,1.324688116,2.169552725,0.774054366
2.904372141,802.3653052,23.21160079,0.024562992,77.40797638,31.50360236,0.159240157,1.094901575,1.426149606,0.878654331,0.0668,0.962125197,0.153862992,0.159629134,0.849738583,2.392452756,1.476377953,2.279899213,0.725644094
2.842071988,695.1395328,24.89642305,0.012561655,77.30748772,33.37634918,0.151303874,1.144638411,1.454413592,0.910175049,0.0668,0.945753513,0.141723506,0.152625542,0.917381156,2.385910177,1.307985883,2.421098818,0.693956271
3.06578985,1163.562859,27.52098169,0.011400591,76.75607028,36.90685354,0.132456102,1.226347441,1.519849606,0.970127559,0.0668,0.939421063,0.12339311,0.127688189,1.031282283,2.38148878,1.686884843,2.606205709,0.686741732
2.99935847,998.5239131,28.49602246,0.011871175,76.79586527,37.15022009,0.111227052,1.250358503,1.498973605,0.984037754,0.0668,1.055312541,0.1199,0.122244649,1.076008536,2.376085292,1.36527413,2.665267236,0.653527511
2.757170716,571.7033217,29.31311372,0.013821274,76.84331766,36.72551228,0.122927643,1.249885752,1.552217203,0.983328628,0.0668,1.098746553,0.1199,0.128449508,1.110282994,2.379335456,1.254473079,2.7275522,0.611689035
2.625872217,422.5442706,29.28512318,0.019393959,76.82529849,35.58605358,0.130188313,1.25776021,1.57328956,0.988737689,0.0668,1.100770453,0.120841563,0.128559291,1.098045305,2.389083585,1.305195338,2.770472751,0.51302088
2.700992435,502.3338398,28.96494764,0.025550787,76.58443031,35.59817913,0.128402165,1.259845079,1.560577953,0.992016339,0.0668,1.09031811,0.122073425,0.12646122,1.06943937,2.402576969,1.183686024,2.807822244,0.428604724
3.03486809,1083.597739,27.226652,0.018723375,76.69227676,33.44841596,0.137410374,1.262722784,1.563945765,0.992818647,0.066774852,1.090479645,0.125170716,0.129918647,0.982674918,2.386289954,1.156804005,2.73143329,0.385046159
2.938257211,867.4754858,25.98929003,0.012369816,76.90661549,30.1543084,0.124864829,1.257988451,1.542456168,0.98706063,0.0667,1.082059055,0.122717848,0.127264304,0.936928609,2.371888976,1.331692913,2.611750131,0.378641995
2.991174639,979.8839381,25.20380689,0.015010571,76.83601228,28.81128674,0.122784701,1.254958372,1.558412738,0.983021996,0.0667,1.082088444,0.122693303,0.125235391,0.909505187,2.37798956,1.552035456,2.529190676,0.36046067
2.81871787,658.745816,24.71046979,0.02059502,76.69650793,28.0384635,0.126769069,1.258043316,1.526956553,0.981948624,0.0667,1.073053604,0.123371756,0.124097313,0.891831193,2.390969332,1.887819463,2.479290695,0.338259502
2.857088141,719.595006,23.94293093,0.016332436,76.55446474,27.67660479,0.134343467,1.272582928,1.523102035,0.987492974,0.066718844,1.083143204,0.125181156,0.130861064,0.859796126,2.391043007,1.913944517,2.419921733,0.307967039
3.160790566,1448.073367,23.71568136,0.02121601,76.43933491,29.8433399,0.123732546,1.303203675,1.548206824,1.009534383,0.06671706,1.083603412,0.117137795,0.129525984,0.849238058,2.402444882,1.968011811,2.406436745,0.236148556
3.151420068,1417.163859,25.15155798,0.033478267,76.3478111,32.39884274,0.115575049,1.337817663,1.58344872,1.037036967,0.0667,1.098578267,0.111021996,0.11488457,0.921287656,2.425902495,1.847340775,2.468100591,0.198824885
2.984835031,965.6839893,27.64620741,0.031637861,76.21467677,33.59347192,0.108839698,1.343830774,1.564827887,1.035703871,0.0667,1.103750984,0.105714633,0.107230315,1.039711024,2.402147244,1.76566601,2.602821982,0.138392913
2.974806133,943.6395452,28.13956993,0.030944255,76.37423565,32.63141832,0.11522633,1.320406435,1.533355548,1.010320552,0.0667,1.253185883,0.112628102,0.121893434,1.064724885,2.390753841,1.86814675,2.622946356,0.122274196
2.70934955,512.0938381,27.86133618,0.025986934,76.43871366,32.36979652,0.116802167,1.303958634,1.51585719,1.003196454,0.0667,1.19386218,0.116305056,0.123370781,1.051625739,2.378639593,1.847628037,2.607516284,0.130580171
3.049334205,1120.299661,26.94828194,0.018551609,76.71232469,31.95712889,0.12318063,1.249059094,1.469750295,0.980258569,0.066775115,1.161255483,0.126505975,0.12559954,1.015228628,2.369918385,1.718606369,2.529871635,0.183183716
3.09636491,1248.432051,26.19199318,0.027402163,76.6210055,33.74384187,0.134537221,1.225400328,1.449150524,0.962692726,0.0667,1.030299541,0.126894889,0.136104194,0.992947706,2.38673519,1.867054391,2.433605111,0.303193709
2.986352408,969.063883,27.60148404,0.031500722,77.37778746,37.47254419,0.128473867,1.20815023,1.455002429,0.952712081,0.066662508,1.018626264,0.121687656,0.129624819,1.064143598,2.384013854,1.843729481,2.492238148,0.395197899
2.724826721,530.672669,30.75603622,0.021805249,77.96548845,38.38284199,0.133592913,1.223660367,1.41566378,0.968965617,0.066668766,1.064907087,0.120637533,0.130106037,1.195625984,2.371843307,2,2.736743045,0.382868241
3.001377238,1003.176242,32.73284227,0.019900786,78.619196,37.93768434,0.123393578,1.262900786,1.421770708,1.00249325,0.066699869,1.015414024,0.119501048,0.126295216,1.265709699,2.376694889,1.562581913,2.940195675,0.283597444
2.885705262,768.6086405,32.80397595,0.020293971,78.71719731,38.02985341,0.120182569,1.263293971,1.457124574,0.999118414,0.066634338,1.022425819,0.120025295,0.123903342,1.270558978,2.374139187,1.603538663,2.938033159,0.282319594
2.799503069,630.2357995,32.61923368,0.023345568,78.92786198,37.86793001,0.116375772,1.258330138,1.474053381,0.990079186,0.066531188,1.068830532,0.121661392,0.120684176,1.266589954,2.369087131,1.6875,2.90855568,0.291364478
2.742814667,553.1140205,31.08394829,0.022053281,78.88062362,36.29340787,0.127934646,1.220925459,1.350500525,0.967534383,0.066662467,1.051733596,0.130271129,0.13039685,1.210725722,2.358505774,1.726541995,2.756350919,0.39449685
2.745629854,556.7110659,30.61198286,0.028145043,78.89790144,36.48646349,0.147233355,1.170939133,1.358713657,0.935234668,0.066606238,0.958588444,0.137419107,0.14497019,1.211727118,2.371121274,1.515594222,2.635466776,0.530918056
3.004754881,1011.008672,32.03447028,0.019428215,77.72780335,40.12422979,0.152219423,1.14022126,1.345538714,0.921182546,0.066675131,0.964055512,0.136512598,0.144616798,1.291464764,2.3755729,1.578699147,2.662798425,0.58904101
2.664421148,461.7651446,33.99994938,0.033078923,76.30703749,39.80431445,0.139078989,1.231053447,1.354470125,0.993202823,0.0666,0.973082206,0.12862633,0.134438608,1.382189494,2.412024425,1.109652003,2.779322784,0.625454038
2.709939152,512.7895332,33.99272679,0.033768352,76.13852141,39.34262699,0.137897111,1.257809849,1.355914642,1.012736638,0.0666,0.980206303,0.12823237,0.134110309,1.381598555,2.415898359,1.02757715,2.779979383,0.63536868
2.482624657,303.8258046,33.42706428,0.034262377,76.06624485,38.25824852,0.129628693,1.318488247,1.531580302,1.051047603,0.0666,1.130230729,0.123377216,0.132075903,1.36198411,2.419299015,1.32797111,2.719940775,0.667911293
2.772502017,592.2458368,31.19385347,0.018822674,76.04860688,37.99586337,0.130510616,1.416084469,1.579760288,1.130799345,0.0666,1.16972903,0.116372084,0.122723394,1.272856684,2.402363827,0.984190695,2.530498165,0.700552294
2.847430919,703.7702737,30.69286704,0.014876034,76.44606901,38.40573703,0.11002889,1.435510571,1.653963624,1.147787262,0.0666,1.132041366,0.104952791,0.110971832,1.257159291,2.410667827,1.094057781,2.470536244,0.729287853
2.880564359,759.5639762,32.71519029,0.023899475,76.41324331,40.17700131,0.097869029,1.390896063,1.691326772,1.121580577,0.0666,1.349984777,0.102264567,0.100017323,1.342881365,2.424986614,1,2.621476115,0.715529396
2.664206578,461.5370582,36.24039817,0.035768349,76.55500688,39.95217156,0.115707339,1.369368807,1.572147248,1.110522477,0.066587615,1.217807798,0.10881789,0.120011009,1.504675229,2.437218349,0.945240826,2.83435,0.721120183
2.771484245,590.859531,35.3766367,0.034097313,76.4208981,40.23886881,0.120753211,1.385423853,1.569362189,1.121957602,0.066554849,1.190579751,0.107277916,0.124008388,1.468895413,2.439118742,0.965719201,2.766492857,0.743924902
2.578652694,379.011767,32.97159192,0.032562443,76.19383158,41.7254891,0.120188772,1.437418253,1.615545962,1.161603808,0.066543533,1.256704399,0.099737295,0.11990394,1.370691399,2.450614708,1,2.571624819,0.813312804
3.186433727,1536.150361,30.24101181,0.03562126,76.5467126,47.94025669,0.087555118,1.546448819,1.744559055,1.244077953,0.066525197,1.333454331,0.084174016,0.088620472,1.249562992,2.458407874,0.812992126,2.389751181,0.884768504
2.889573423,775.4850376,35.16879043,0.037689187,77.06870413,51.77181252,0.086822739,1.570747248,1.890725885,1.265470577,0.0666,1.428176606,0.087364024,0.086484797,1.453659567,2.449332634,0.804882045,2.77732287,0.843693447
2.971964443,937.4852494,39.78120039,0.029998031,78.12556378,46.63772224,0.107387402,1.466519094,1.624579724,1.203431693,0.0666,1.591648031,0.111662008,0.112054724,1.623706693,2.416258858,0.780511811,3.225394685,0.714701969
2.349829077,223.7840229,38.90264274,0.018594091,77.67810578,39.99135686,0.133780302,1.371003611,1.557347144,1.132735588,0.0666,1.224543664,0.123495732,0.138710637,1.571088116,2.392908798,0.894697965,3.222325673,0.689562246
2.317292937,207.6313543,37.92945824,0.015634143,77.41112088,38.92683027,0.139642416,1.359429087,1.560008995,1.124140709,0.0666,1.211972423,0.123955351,0.143908273,1.528537886,2.38696264,0.874179251,3.154990151,0.706079645
3.006311555,1014.639008,34.71632626,0.018194879,76.76768687,38.12660046,0.127823638,1.354110637,1.568183651,1.127193894,0.0666,1.209904137,0.120606697,0.129528759,1.388879317,2.406660604,0.812623112,2.929251477,0.779553053
3.095584457,1246.190559,31.38021075,0.018067169,76.2108536,41.07971586,0.116951311,1.465503932,1.615269725,1.224599148,0.066569004,1.13381291,0.107678244,0.112471232,1.248122477,2.423901442,1.043127457,2.677474312,0.852985452
3.130342977,1350.028624,31.1903545,0.013867301,75.93370256,41.44431221,0.109768352,1.502739199,1.674925739,1.258009849,0.0665,1.192426986,0.102490151,0.107813001,1.252926855,2.429297505,1.018343729,2.610954629,0.905008142
2.523436747,333.7618908,31.85317612,0.010245932,75.74907454,41.39095879,0.111206299,1.510045669,1.837360892,1.281503937,0.066406562,1.431921522,0.101327822,0.109576903,1.299958005,2.416924672,1.646489501,2.583072178,0.961376903
2.941434912,873.8460195,33.6389882,0.02934941,75.775969,40.48240577,0.125607208,1.543134076,1.671601769,1.323103408,0.0665,1.300436763,0.102112975,0.113974181,1.369988532,2.433644692,1.530144168,2.73956422,0.938037877
2.794335726,622.7815322,34.54029882,0.029414941,75.7433019,39.83732058,0.119250721,1.544903408,1.696405177,1.328280341,0.0665,1.288018676,0.100671298,0.111287418,1.407373853,2.434234469,1.653014417,2.810206422,0.928273788
2.878428102,755.8369195,36.0530415,0.029868746,75.67517997,38.90638464,0.10800394,1.532703677,1.762109783,1.324052856,0.0665,1.276117531,0.099076559,0.106532436,1.467999475,2.434769534,1.826904137,2.937414839,0.898384176
2.939972219,870.9078781,37.04556798,0.024041732,74.92800131,37.34117533,0.100004199,1.490486877,1.623562205,1.304666404,0.0665,1.455328609,0.101219948,0.108225459,1.485046719,2.419186352,1.657152231,3.113424672,0.807787139
3.029563772,1070.443556,33.54278919,0.021260616,74.7543291,39.25332654,0.111715858,1.407352228,1.719573394,1.27208827,0.066518414,1.276045544,0.103486959,0.112463172,1.316770052,2.410967759,1.476982307,2.932683617,0.856148952
3.068038966,1169.604326,29.57799783,0.019853215,74.13088537,39.48368255,0.10946332,1.385210958,1.642100066,1.267188845,0.066500919,1.489288714,0.101059646,0.11155689,1.128401837,2.425686155,1.405962927,2.71933878,1.000256037
2.913557851,819.5167812,24.68670781,0.024592121,73.64002981,36.6578088,0.101614642,1.44939304,1.639395732,1.369441628,0.0664,1.319275115,0.100484964,0.108132699,0.886897242,2.458403086,1.488017072,2.493265397,1.165002167
2.799155811,629.7320701,23.695787,0.026551149,73.52422101,35.65297597,0.100605318,1.481668549,1.669990611,1.409005121,0.066386343,1.289370453,0.10005371,0.107144911,0.834078858,2.465633552,1.491464215,2.463332633,1.200670453
2.948958341,889.1158266,21.98132795,0.03171273,73.3066918,33.47421339,0.102634646,1.602273031,1.783704134,1.53185689,0.066312139,1.509272375,0.095810958,0.103710367,0.729899475,2.472508661,1.429913058,2.463580249,1.283014961
2.677848837,476.2651869,20.12816933,0.036735845,73.46419024,32.0615249,0.090907995,1.644718152,2.038923263,1.591681848,0.0664,1.680545544,0.088367366,0.094147051,0.610422477,2.469057208,1.456217235,2.492112713,1.258450197
3.047367084,1115.23678,19.63425095,0.037704005,74.49294412,31.03947078,0.101110177,1.640559554,1.778153119,1.604697308,0.0664,1.421953381,0.087419107,0.095538214,0.572873014,2.461552462,1.326945174,2.522913001,1.214116546
3.00110984,1002.558768,19.84352416,0.022863099,77.67657249,32.09614347,0.101276888,1.514730532,1.631890611,1.491239856,0.0664,1.253665529,0.088569337,0.101924425,0.592456664,2.439146159,1.139445174,2.495040578,1.266951018
2.900198956,794.6922101,22.54589554,0.019185125,79.93930262,39.05652031,0.1007519,1.277494233,1.546710878,1.253782176,0.066362975,1.368460813,0.093032241,0.098465793,0.72929325,2.410554522,1.05103211,2.605966645,1.467419594
2.833005461,680.7779188,23.747927,0.019348952,80.53222529,42.70167104,0.100620839,1.233064351,1.487339974,1.211907995,0.06633021,1.414266841,0.095981127,0.100824902,0.787517366,2.403346134,0.764334862,2.666025623,1.544516579
2.99458014,987.5978586,33.11144045,0.025230532,82.6615501,63.16029219,0.112165726,1.204106829,1.272622653,1.184215299,0.0663,1.290041694,0.111047932,0.112891989,1.194105253,2.401543664,0.457362114,3.325561786,1.848505187
2.919342368,830.5052236,57.22056824,0.016659318,84.2633378,88.9683399,0.119589501,1.400692126,1.151446194,1.362088189,0.0663,1.051748294,0.151417323,0.125656955,2.209907087,2.391465092,0.188812336,5.150853018,2.519829921
2.256956632,180.6993672,78.2301211,0.014671101,84.28011055,91.82568807,0.218247248,1.999720642,2.612138532,1.897830275,0.0663,2.191702752,0.206584404,0.233549541,2.98316789,2.418329358,-0.206708716,7.197544037,3.041545872
1.070500435,11.76252163,76.39357198,0.013722572,82.96738734,84.1550607,0.251875197,3.212290157,4.159865551,3.103118766,0.0663,13.66598806,0.211271588,0.256425656,2.774309843,2.433289698,-0.482037402,7.594124869,3.06952185
1.532851394,34.10761828,69.25232272,0.011766316,81.75065338,89.68967498,0.170192777,3.464650821,3.381719567,3.520262508,0.0663,3.893059357,0.171151477,0.168843007,2.383527118,2.444433684,-0.508535785,7.419948391,2.998159225
1.401879061,25.22778151,70.15142607,0.013268089,81.67307912,91.08379842,0.161787787,3.379432173,3.500137951,3.468373342,0.0663,2.682969796,0.166177873,0.161119829,2.407896126,2.450628299,-0.597504924,7.543024688,3.070867827
1.53794854,34.51028453,75.81650971,0.019327953,81.3995042,95.21981627,0.152296457,3.252130512,3.933547113,3.419975722,0.0663,2.849074278,0.163356562,0.155562861,2.607782415,2.47320269,-0.844406168,8.129847113,3.352337927
1.534328485,34.22382013,83.48443178,0.017659699,80.41276343,99.31909404,0.178582307,3.725489056,4.493414875,3.922684469,0.0663,5.027257339,0.18369882,0.186070315,2.896626737,2.489297837,-0.993405963,8.849803801,3.667216383
1.714668655,51.84043709,83.99279481,0.013662443,79.703252,101.6629186,0.186879514,4.373502298,4.977881615,4.516886343,0.0663,3.930611359,0.177747406,0.187748063,2.932906172,2.52935673,-1.175763296,8.827986211,3.723449048
1.312116563,20.51712779,91.90810754,0.020283814,78.73435806,118.5998526,0.160017497,5.165480603,8.027963761,5.293608257,0.0663,5.467172608,0.169508257,0.161485649,3.227253408,2.566991612,-1.56413827,9.586786239,3.682287549
0.721069082,5.261009456,95.44523073,0.023593119,78.43645505,122.9822248,0.156642661,5.486450459,8.877275688,5.598195413,0.0663,6.903542202,0.174095413,0.154703211,3.362083028,2.577411009,-1.482224771,9.912474312,3.707910092
1.030709254,10.73270653,107.7905316,0.022660801,77.81941523,122.7566481,0.17719698,7.777972882,10.38995207,7.62739698,0.0663,9.030168615,0.215915561,0.179519895,3.859389626,2.589384045,-1.538205844,10.94009619,3.875375706
